"assignment","due_date"
"01-Programming",2016-10-15
"02-Programming",2016-10-15
"03-Programming",2016-10-15
"04-Programming",2016-10-15
"05-Programming",2016-10-15
"06-Programming",2016-10-15
"07-Programming",2016-10-24
"08-Programming",2016-10-24
"09-Programming",2016-10-24
"11-Programming",2016-12-15
"12-Programming",2016-12-15
"13-Programming",2016-12-15
"14-Programming",2016-12-15
"15-Programming",2016-12-15
"16-Programming",2016-12-15
"17-Programming",2016-12-15
"18-Programming",2016-12-15
"Topic-1",2016-10-15
"Topic-2",2016-10-15
"Topic-3",2019-12-15
"Topic-4",2016-12-15
"Topic-5",2016-12-15
"Topic-6",2016-12-15
"Topic-7",2016-12-15
"Topic-8",2016-12-15
